"LOCATION","INDICATOR","SUBJECT","MEASURE","FREQUENCY","TIME","Value","Flag Codes"
"OECD","CLI","AMPLITUD","LTRENDIDX","M","1961-06",101.0219,
"OECD","CLI","AMPLITUD","LTRENDIDX","M","1961-07",101.1119,
"OECD","CLI","AMPLITUD","LTRENDIDX","M","1961-08",101.152,
"OECD","CLI","AMPLITUD","LTRENDIDX","M","1961-09",101.1476,
"OECD","CLI","AMPLITUD","LTRENDIDX","M","1961-10",101.112,
"OECD","CLI","AMPLITUD","LTRENDIDX","M","1961-11",101.057,
"OECD","CLI","AMPLITUD","LTRENDIDX","M","1961-12",100.86,
"OECD","CLI","AMPLITUD","LTRENDIDX","M","1962-01",100.7243,
"OECD","CLI","AMPLITUD","LTRENDIDX","M","1962-02",100.5555,
"OECD","CLI","AMPLITUD","LTRENDIDX","M","1962-03",100.3586,
"OECD","CLI","AMPLITUD","LTRENDIDX","M","1962-04",100.15,
"OECD","CLI","AMPLITUD","LTRENDIDX","M","1962-05",99.94644,
"OECD","CLI","AMPLITUD","LTRENDIDX","M","1962-06",99.76355,
"OECD","CLI","AMPLITUD","LTRENDIDX","M","1962-07",99.62776,
"OECD","CLI","AMPLITUD","LTRENDIDX","M","1962-08",99.54675,
"OECD","CLI","AMPLITUD","LTRENDIDX","M","1962-09",99.52149,
"OECD","CLI","AMPLITUD","LTRENDIDX","M","1962-10",99.54399,
"OECD","CLI","AMPLITUD","LTRENDIDX","M","1962-11",99.6082,
"OECD","CLI","AMPLITUD","LTRENDIDX","M","1962-12",99.6985,
"OECD","CLI","AMPLITUD","LTRENDIDX","M","1963-01",99.80573,
"OECD","CLI","AMPLITUD","LTRENDIDX","M","1963-02",99.92736,
"OECD","CLI","AMPLITUD","LTRENDIDX","M","1963-03",100.0602,
"OECD","CLI","AMPLITUD","LTRENDIDX","M","1963-04",100.1901,
"OECD","CLI","AMPLITUD","LTRENDIDX","M","1963-05",100.295,
"OECD","CLI","AMPLITUD","LTRENDIDX","M","1963-06",100.3637,
"OECD","CLI","AMPLITUD","LTRENDIDX","M","1963-07",100.4077,
"OECD","CLI","AMPLITUD","LTRENDIDX","M","1963-08",100.4329,
"OECD","CLI","AMPLITUD","LTRENDIDX","M","1963-09",100.4496,
"OECD","CLI","AMPLITUD","LTRENDIDX","M","1963-10",100.4585,
"OECD","CLI","AMPLITUD","LTRENDIDX","M","1963-11",100.4621,
"OECD","CLI","AMPLITUD","LTRENDIDX","M","1963-12",100.471,
"OECD","CLI","AMPLITUD","LTRENDIDX","M","1964-01",100.4906,
"OECD","CLI","AMPLITUD","LTRENDIDX","M","1964-02",100.5065,
"OECD","CLI","AMPLITUD","LTRENDIDX","M","1964-03",100.515,
"OECD","CLI","AMPLITUD","LTRENDIDX","M","1964-04",100.5157,
"OECD","CLI","AMPLITUD","LTRENDIDX","M","1964-05",100.511,
"OECD","CLI","AMPLITUD","LTRENDIDX","M","1964-06",100.5011,
"OECD","CLI","AMPLITUD","LTRENDIDX","M","1964-07",100.4775,
"OECD","CLI","AMPLITUD","LTRENDIDX","M","1964-08",100.44,
"OECD","CLI","AMPLITUD","LTRENDIDX","M","1964-09",100.3979,
"OECD","CLI","AMPLITUD","LTRENDIDX","M","1964-10",100.3533,
"OECD","CLI","AMPLITUD","LTRENDIDX","M","1964-11",100.3195,
"OECD","CLI","AMPLITUD","LTRENDIDX","M","1964-12",100.3006,
"OECD","CLI","AMPLITUD","LTRENDIDX","M","1965-01",100.288,
"OECD","CLI","AMPLITUD","LTRENDIDX","M","1965-02",100.2669,
"OECD","CLI","AMPLITUD","LTRENDIDX","M","1965-03",100.2239,
"OECD","CLI","AMPLITUD","LTRENDIDX","M","1965-04",100.1588,
"OECD","CLI","AMPLITUD","LTRENDIDX","M","1965-05",100.0881,
"OECD","CLI","AMPLITUD","LTRENDIDX","M","1965-06",100.0336,
"OECD","CLI","AMPLITUD","LTRENDIDX","M","1965-07",100.0171,
"OECD","CLI","AMPLITUD","LTRENDIDX","M","1965-08",100.0495,
"OECD","CLI","AMPLITUD","LTRENDIDX","M","1965-09",100.1316,
"OECD","CLI","AMPLITUD","LTRENDIDX","M","1965-10",100.2542,
"OECD","CLI","AMPLITUD","LTRENDIDX","M","1965-11",100.3999,
"OECD","CLI","AMPLITUD","LTRENDIDX","M","1965-12",100.55,
"OECD","CLI","AMPLITUD","LTRENDIDX","M","1966-01",100.6721,
"OECD","CLI","AMPLITUD","LTRENDIDX","M","1966-02",100.7405,
"OECD","CLI","AMPLITUD","LTRENDIDX","M","1966-03",100.7359,
"OECD","CLI","AMPLITUD","LTRENDIDX","M","1966-04",100.6466,
"OECD","CLI","AMPLITUD","LTRENDIDX","M","1966-05",100.4782,
"OECD","CLI","AMPLITUD","LTRENDIDX","M","1966-06",100.2568,
"OECD","CLI","AMPLITUD","LTRENDIDX","M","1966-07",100.0018,
"OECD","CLI","AMPLITUD","LTRENDIDX","M","1966-08",99.73459,
"OECD","CLI","AMPLITUD","LTRENDIDX","M","1966-09",99.47794,
"OECD","CLI","AMPLITUD","LTRENDIDX","M","1966-10",99.24266,
"OECD","CLI","AMPLITUD","LTRENDIDX","M","1966-11",99.04529,
"OECD","CLI","AMPLITUD","LTRENDIDX","M","1966-12",98.89678,
"OECD","CLI","AMPLITUD","LTRENDIDX","M","1967-01",98.80908,
"OECD","CLI","AMPLITUD","LTRENDIDX","M","1967-02",98.77991,
"OECD","CLI","AMPLITUD","LTRENDIDX","M","1967-03",98.81553,
"OECD","CLI","AMPLITUD","LTRENDIDX","M","1967-04",98.91245,
"OECD","CLI","AMPLITUD","LTRENDIDX","M","1967-05",99.06213,
"OECD","CLI","AMPLITUD","LTRENDIDX","M","1967-06",99.24502,
"OECD","CLI","AMPLITUD","LTRENDIDX","M","1967-07",99.44592,
"OECD","CLI","AMPLITUD","LTRENDIDX","M","1967-08",99.64937,
"OECD","CLI","AMPLITUD","LTRENDIDX","M","1967-09",99.83778,
"OECD","CLI","AMPLITUD","LTRENDIDX","M","1967-10",99.99543,
"OECD","CLI","AMPLITUD","LTRENDIDX","M","1967-11",100.1131,
"OECD","CLI","AMPLITUD","LTRENDIDX","M","1967-12",100.1911,
"OECD","CLI","AMPLITUD","LTRENDIDX","M","1968-01",100.2366,
"OECD","CLI","AMPLITUD","LTRENDIDX","M","1968-02",100.2701,
"OECD","CLI","AMPLITUD","LTRENDIDX","M","1968-03",100.3098,
"OECD","CLI","AMPLITUD","LTRENDIDX","M","1968-04",100.3694,
"OECD","CLI","AMPLITUD","LTRENDIDX","M","1968-05",100.4492,
"OECD","CLI","AMPLITUD","LTRENDIDX","M","1968-06",100.55,
"OECD","CLI","AMPLITUD","LTRENDIDX","M","1968-07",100.6795,
"OECD","CLI","AMPLITUD","LTRENDIDX","M","1968-08",100.8328,
"OECD","CLI","AMPLITUD","LTRENDIDX","M","1968-09",100.9959,
"OECD","CLI","AMPLITUD","LTRENDIDX","M","1968-10",101.1458,
"OECD","CLI","AMPLITUD","LTRENDIDX","M","1968-11",101.2568,
"OECD","CLI","AMPLITUD","LTRENDIDX","M","1968-12",101.3178,
"OECD","CLI","AMPLITUD","LTRENDIDX","M","1969-01",101.3379,
"OECD","CLI","AMPLITUD","LTRENDIDX","M","1969-02",101.3308,
"OECD","CLI","AMPLITUD","LTRENDIDX","M","1969-03",101.2955,
"OECD","CLI","AMPLITUD","LTRENDIDX","M","1969-04",101.2296,
"OECD","CLI","AMPLITUD","LTRENDIDX","M","1969-05",101.1231,
"OECD","CLI","AMPLITUD","LTRENDIDX","M","1969-06",100.9864,
"OECD","CLI","AMPLITUD","LTRENDIDX","M","1969-07",100.836,
"OECD","CLI","AMPLITUD","LTRENDIDX","M","1969-08",100.6861,
"OECD","CLI","AMPLITUD","LTRENDIDX","M","1969-09",100.5367,
"OECD","CLI","AMPLITUD","LTRENDIDX","M","1969-10",100.3819,
"OECD","CLI","AMPLITUD","LTRENDIDX","M","1969-11",100.2195,
"OECD","CLI","AMPLITUD","LTRENDIDX","M","1969-12",100.0492,
"OECD","CLI","AMPLITUD","LTRENDIDX","M","1970-01",99.87135,
"OECD","CLI","AMPLITUD","LTRENDIDX","M","1970-02",99.69193,
"OECD","CLI","AMPLITUD","LTRENDIDX","M","1970-03",99.51388,
"OECD","CLI","AMPLITUD","LTRENDIDX","M","1970-04",99.34376,
"OECD","CLI","AMPLITUD","LTRENDIDX","M","1970-05",99.19686,
"OECD","CLI","AMPLITUD","LTRENDIDX","M","1970-06",99.07979,
"OECD","CLI","AMPLITUD","LTRENDIDX","M","1970-07",98.98349,
"OECD","CLI","AMPLITUD","LTRENDIDX","M","1970-08",98.9081,
"OECD","CLI","AMPLITUD","LTRENDIDX","M","1970-09",98.86208,
"OECD","CLI","AMPLITUD","LTRENDIDX","M","1970-10",98.86073,
"OECD","CLI","AMPLITUD","LTRENDIDX","M","1970-11",98.92242,
"OECD","CLI","AMPLITUD","LTRENDIDX","M","1970-12",99.04254,
"OECD","CLI","AMPLITUD","LTRENDIDX","M","1971-01",99.18714,
"OECD","CLI","AMPLITUD","LTRENDIDX","M","1971-02",99.32463,
"OECD","CLI","AMPLITUD","LTRENDIDX","M","1971-03",99.43425,
"OECD","CLI","AMPLITUD","LTRENDIDX","M","1971-04",99.51204,
"OECD","CLI","AMPLITUD","LTRENDIDX","M","1971-05",99.55962,
"OECD","CLI","AMPLITUD","LTRENDIDX","M","1971-06",99.58598,
"OECD","CLI","AMPLITUD","LTRENDIDX","M","1971-07",99.60558,
"OECD","CLI","AMPLITUD","LTRENDIDX","M","1971-08",99.63102,
"OECD","CLI","AMPLITUD","LTRENDIDX","M","1971-09",99.69081,
"OECD","CLI","AMPLITUD","LTRENDIDX","M","1971-10",99.81049,
"OECD","CLI","AMPLITUD","LTRENDIDX","M","1971-11",100.0042,
"OECD","CLI","AMPLITUD","LTRENDIDX","M","1971-12",100.269,
"OECD","CLI","AMPLITUD","LTRENDIDX","M","1972-01",100.5702,
"OECD","CLI","AMPLITUD","LTRENDIDX","M","1972-02",100.8776,
"OECD","CLI","AMPLITUD","LTRENDIDX","M","1972-03",101.1738,
"OECD","CLI","AMPLITUD","LTRENDIDX","M","1972-04",101.4486,
"OECD","CLI","AMPLITUD","LTRENDIDX","M","1972-05",101.7005,
"OECD","CLI","AMPLITUD","LTRENDIDX","M","1972-06",101.9347,
"OECD","CLI","AMPLITUD","LTRENDIDX","M","1972-07",102.1677,
"OECD","CLI","AMPLITUD","LTRENDIDX","M","1972-08",102.4176,
"OECD","CLI","AMPLITUD","LTRENDIDX","M","1972-09",102.6764,
"OECD","CLI","AMPLITUD","LTRENDIDX","M","1972-10",102.9282,
"OECD","CLI","AMPLITUD","LTRENDIDX","M","1972-11",103.15,
"OECD","CLI","AMPLITUD","LTRENDIDX","M","1972-12",103.3154,
"OECD","CLI","AMPLITUD","LTRENDIDX","M","1973-01",103.403,
"OECD","CLI","AMPLITUD","LTRENDIDX","M","1973-02",103.3779,
"OECD","CLI","AMPLITUD","LTRENDIDX","M","1973-03",103.2734,
"OECD","CLI","AMPLITUD","LTRENDIDX","M","1973-04",103.0998,
"OECD","CLI","AMPLITUD","LTRENDIDX","M","1973-05",102.8806,
"OECD","CLI","AMPLITUD","LTRENDIDX","M","1973-06",102.6389,
"OECD","CLI","AMPLITUD","LTRENDIDX","M","1973-07",102.39,
"OECD","CLI","AMPLITUD","LTRENDIDX","M","1973-08",102.1435,
"OECD","CLI","AMPLITUD","LTRENDIDX","M","1973-09",101.8964,
"OECD","CLI","AMPLITUD","LTRENDIDX","M","1973-10",101.645,
"OECD","CLI","AMPLITUD","LTRENDIDX","M","1973-11",101.3722,
"OECD","CLI","AMPLITUD","LTRENDIDX","M","1973-12",101.0821,
"OECD","CLI","AMPLITUD","LTRENDIDX","M","1974-01",100.7899,
"OECD","CLI","AMPLITUD","LTRENDIDX","M","1974-02",100.4889,
"OECD","CLI","AMPLITUD","LTRENDIDX","M","1974-03",100.1643,
"OECD","CLI","AMPLITUD","LTRENDIDX","M","1974-04",99.80753,
"OECD","CLI","AMPLITUD","LTRENDIDX","M","1974-05",99.41527,
"OECD","CLI","AMPLITUD","LTRENDIDX","M","1974-06",98.98615,
"OECD","CLI","AMPLITUD","LTRENDIDX","M","1974-07",98.52646,
"OECD","CLI","AMPLITUD","LTRENDIDX","M","1974-08",98.04307,
"OECD","CLI","AMPLITUD","LTRENDIDX","M","1974-09",97.55856,
"OECD","CLI","AMPLITUD","LTRENDIDX","M","1974-10",97.11665,
"OECD","CLI","AMPLITUD","LTRENDIDX","M","1974-11",96.76222,
"OECD","CLI","AMPLITUD","LTRENDIDX","M","1974-12",96.53677,
"OECD","CLI","AMPLITUD","LTRENDIDX","M","1975-01",96.47173,
"OECD","CLI","AMPLITUD","LTRENDIDX","M","1975-02",96.55669,
"OECD","CLI","AMPLITUD","LTRENDIDX","M","1975-03",96.76884,
"OECD","CLI","AMPLITUD","LTRENDIDX","M","1975-04",97.07874,
"OECD","CLI","AMPLITUD","LTRENDIDX","M","1975-05",97.45145,
"OECD","CLI","AMPLITUD","LTRENDIDX","M","1975-06",97.85797,
"OECD","CLI","AMPLITUD","LTRENDIDX","M","1975-07",98.27804,
"OECD","CLI","AMPLITUD","LTRENDIDX","M","1975-08",98.69902,
"OECD","CLI","AMPLITUD","LTRENDIDX","M","1975-09",99.11724,
"OECD","CLI","AMPLITUD","LTRENDIDX","M","1975-10",99.52158,
"OECD","CLI","AMPLITUD","LTRENDIDX","M","1975-11",99.90337,
"OECD","CLI","AMPLITUD","LTRENDIDX","M","1975-12",100.2549,
"OECD","CLI","AMPLITUD","LTRENDIDX","M","1976-01",100.557,
"OECD","CLI","AMPLITUD","LTRENDIDX","M","1976-02",100.7916,
"OECD","CLI","AMPLITUD","LTRENDIDX","M","1976-03",100.9533,
"OECD","CLI","AMPLITUD","LTRENDIDX","M","1976-04",101.0494,
"OECD","CLI","AMPLITUD","LTRENDIDX","M","1976-05",101.0864,
"OECD","CLI","AMPLITUD","LTRENDIDX","M","1976-06",101.0754,
"OECD","CLI","AMPLITUD","LTRENDIDX","M","1976-07",101.0282,
"OECD","CLI","AMPLITUD","LTRENDIDX","M","1976-08",100.9552,
"OECD","CLI","AMPLITUD","LTRENDIDX","M","1976-09",100.8752,
"OECD","CLI","AMPLITUD","LTRENDIDX","M","1976-10",100.8077,
"OECD","CLI","AMPLITUD","LTRENDIDX","M","1976-11",100.766,
"OECD","CLI","AMPLITUD","LTRENDIDX","M","1976-12",100.7441,
"OECD","CLI","AMPLITUD","LTRENDIDX","M","1977-01",100.7266,
"OECD","CLI","AMPLITUD","LTRENDIDX","M","1977-02",100.7031,
"OECD","CLI","AMPLITUD","LTRENDIDX","M","1977-03",100.6689,
"OECD","CLI","AMPLITUD","LTRENDIDX","M","1977-04",100.6209,
"OECD","CLI","AMPLITUD","LTRENDIDX","M","1977-05",100.5712,
"OECD","CLI","AMPLITUD","LTRENDIDX","M","1977-06",100.5275,
"OECD","CLI","AMPLITUD","LTRENDIDX","M","1977-07",100.5025,
"OECD","CLI","AMPLITUD","LTRENDIDX","M","1977-08",100.5022,
"OECD","CLI","AMPLITUD","LTRENDIDX","M","1977-09",100.5254,
"OECD","CLI","AMPLITUD","LTRENDIDX","M","1977-10",100.5656,
"OECD","CLI","AMPLITUD","LTRENDIDX","M","1977-11",100.6146,
"OECD","CLI","AMPLITUD","LTRENDIDX","M","1977-12",100.6733,
"OECD","CLI","AMPLITUD","LTRENDIDX","M","1978-01",100.7452,
"OECD","CLI","AMPLITUD","LTRENDIDX","M","1978-02",100.8365,
"OECD","CLI","AMPLITUD","LTRENDIDX","M","1978-03",100.9665,
"OECD","CLI","AMPLITUD","LTRENDIDX","M","1978-04",101.127,
"OECD","CLI","AMPLITUD","LTRENDIDX","M","1978-05",101.3001,
"OECD","CLI","AMPLITUD","LTRENDIDX","M","1978-06",101.4705,
"OECD","CLI","AMPLITUD","LTRENDIDX","M","1978-07",101.6264,
"OECD","CLI","AMPLITUD","LTRENDIDX","M","1978-08",101.7525,
"OECD","CLI","AMPLITUD","LTRENDIDX","M","1978-09",101.8403,
"OECD","CLI","AMPLITUD","LTRENDIDX","M","1978-10",101.8796,
"OECD","CLI","AMPLITUD","LTRENDIDX","M","1978-11",101.8822,
"OECD","CLI","AMPLITUD","LTRENDIDX","M","1978-12",101.872,
"OECD","CLI","AMPLITUD","LTRENDIDX","M","1979-01",101.8662,
"OECD","CLI","AMPLITUD","LTRENDIDX","M","1979-02",101.8652,
"OECD","CLI","AMPLITUD","LTRENDIDX","M","1979-03",101.8509,
"OECD","CLI","AMPLITUD","LTRENDIDX","M","1979-04",101.804,
"OECD","CLI","AMPLITUD","LTRENDIDX","M","1979-05",101.7198,
"OECD","CLI","AMPLITUD","LTRENDIDX","M","1979-06",101.596,
"OECD","CLI","AMPLITUD","LTRENDIDX","M","1979-07",101.4395,
"OECD","CLI","AMPLITUD","LTRENDIDX","M","1979-08",101.2606,
"OECD","CLI","AMPLITUD","LTRENDIDX","M","1979-09",101.0622,
"OECD","CLI","AMPLITUD","LTRENDIDX","M","1979-10",100.8415,
"OECD","CLI","AMPLITUD","LTRENDIDX","M","1979-11",100.6007,
"OECD","CLI","AMPLITUD","LTRENDIDX","M","1979-12",100.3447,
"OECD","CLI","AMPLITUD","LTRENDIDX","M","1980-01",100.0747,
"OECD","CLI","AMPLITUD","LTRENDIDX","M","1980-02",99.77792,
"OECD","CLI","AMPLITUD","LTRENDIDX","M","1980-03",99.50704,
"OECD","CLI","AMPLITUD","LTRENDIDX","M","1980-04",99.28514,
"OECD","CLI","AMPLITUD","LTRENDIDX","M","1980-05",99.16446,
"OECD","CLI","AMPLITUD","LTRENDIDX","M","1980-06",99.17155,
"OECD","CLI","AMPLITUD","LTRENDIDX","M","1980-07",99.28407,
"OECD","CLI","AMPLITUD","LTRENDIDX","M","1980-08",99.45145,
"OECD","CLI","AMPLITUD","LTRENDIDX","M","1980-09",99.61832,
"OECD","CLI","AMPLITUD","LTRENDIDX","M","1980-10",99.74197,
"OECD","CLI","AMPLITUD","LTRENDIDX","M","1980-11",99.80645,
"OECD","CLI","AMPLITUD","LTRENDIDX","M","1980-12",99.82666,
"OECD","CLI","AMPLITUD","LTRENDIDX","M","1981-01",99.82802,
"OECD","CLI","AMPLITUD","LTRENDIDX","M","1981-02",99.82732,
"OECD","CLI","AMPLITUD","LTRENDIDX","M","1981-03",99.82831,
"OECD","CLI","AMPLITUD","LTRENDIDX","M","1981-04",99.81106,
"OECD","CLI","AMPLITUD","LTRENDIDX","M","1981-05",99.75238,
"OECD","CLI","AMPLITUD","LTRENDIDX","M","1981-06",99.65987,
"OECD","CLI","AMPLITUD","LTRENDIDX","M","1981-07",99.5502,
"OECD","CLI","AMPLITUD","LTRENDIDX","M","1981-08",99.43108,
"OECD","CLI","AMPLITUD","LTRENDIDX","M","1981-09",99.3019,
"OECD","CLI","AMPLITUD","LTRENDIDX","M","1981-10",99.17171,
"OECD","CLI","AMPLITUD","LTRENDIDX","M","1981-11",99.04534,
"OECD","CLI","AMPLITUD","LTRENDIDX","M","1981-12",98.91927,
"OECD","CLI","AMPLITUD","LTRENDIDX","M","1982-01",98.77887,
"OECD","CLI","AMPLITUD","LTRENDIDX","M","1982-02",98.60569,
"OECD","CLI","AMPLITUD","LTRENDIDX","M","1982-03",98.41348,
"OECD","CLI","AMPLITUD","LTRENDIDX","M","1982-04",98.22146,
"OECD","CLI","AMPLITUD","LTRENDIDX","M","1982-05",98.04765,
"OECD","CLI","AMPLITUD","LTRENDIDX","M","1982-06",97.90366,
"OECD","CLI","AMPLITUD","LTRENDIDX","M","1982-07",97.80889,
"OECD","CLI","AMPLITUD","LTRENDIDX","M","1982-08",97.78526,
"OECD","CLI","AMPLITUD","LTRENDIDX","M","1982-09",97.84563,
"OECD","CLI","AMPLITUD","LTRENDIDX","M","1982-10",97.98772,
"OECD","CLI","AMPLITUD","LTRENDIDX","M","1982-11",98.19872,
"OECD","CLI","AMPLITUD","LTRENDIDX","M","1982-12",98.46878,
"OECD","CLI","AMPLITUD","LTRENDIDX","M","1983-01",98.77728,
"OECD","CLI","AMPLITUD","LTRENDIDX","M","1983-02",99.09148,
"OECD","CLI","AMPLITUD","LTRENDIDX","M","1983-03",99.40784,
"OECD","CLI","AMPLITUD","LTRENDIDX","M","1983-04",99.7084,
"OECD","CLI","AMPLITUD","LTRENDIDX","M","1983-05",99.98341,
"OECD","CLI","AMPLITUD","LTRENDIDX","M","1983-06",100.2287,
"OECD","CLI","AMPLITUD","LTRENDIDX","M","1983-07",100.4365,
"OECD","CLI","AMPLITUD","LTRENDIDX","M","1983-08",100.6076,
"OECD","CLI","AMPLITUD","LTRENDIDX","M","1983-09",100.7537,
"OECD","CLI","AMPLITUD","LTRENDIDX","M","1983-10",100.8799,
"OECD","CLI","AMPLITUD","LTRENDIDX","M","1983-11",100.9829,
"OECD","CLI","AMPLITUD","LTRENDIDX","M","1983-12",101.0564,
"OECD","CLI","AMPLITUD","LTRENDIDX","M","1984-01",101.0898,
"OECD","CLI","AMPLITUD","LTRENDIDX","M","1984-02",101.0717,
"OECD","CLI","AMPLITUD","LTRENDIDX","M","1984-03",101.0035,
"OECD","CLI","AMPLITUD","LTRENDIDX","M","1984-04",100.9003,
"OECD","CLI","AMPLITUD","LTRENDIDX","M","1984-05",100.7764,
"OECD","CLI","AMPLITUD","LTRENDIDX","M","1984-06",100.6392,
"OECD","CLI","AMPLITUD","LTRENDIDX","M","1984-07",100.5072,
"OECD","CLI","AMPLITUD","LTRENDIDX","M","1984-08",100.3902,
"OECD","CLI","AMPLITUD","LTRENDIDX","M","1984-09",100.2905,
"OECD","CLI","AMPLITUD","LTRENDIDX","M","1984-10",100.2179,
"OECD","CLI","AMPLITUD","LTRENDIDX","M","1984-11",100.1797,
"OECD","CLI","AMPLITUD","LTRENDIDX","M","1984-12",100.1742,
"OECD","CLI","AMPLITUD","LTRENDIDX","M","1985-01",100.1883,
"OECD","CLI","AMPLITUD","LTRENDIDX","M","1985-02",100.1946,
"OECD","CLI","AMPLITUD","LTRENDIDX","M","1985-03",100.1987,
"OECD","CLI","AMPLITUD","LTRENDIDX","M","1985-04",100.1954,
"OECD","CLI","AMPLITUD","LTRENDIDX","M","1985-05",100.1753,
"OECD","CLI","AMPLITUD","LTRENDIDX","M","1985-06",100.1321,
"OECD","CLI","AMPLITUD","LTRENDIDX","M","1985-07",100.0645,
"OECD","CLI","AMPLITUD","LTRENDIDX","M","1985-08",99.99026,
"OECD","CLI","AMPLITUD","LTRENDIDX","M","1985-09",99.92377,
"OECD","CLI","AMPLITUD","LTRENDIDX","M","1985-10",99.87589,
"OECD","CLI","AMPLITUD","LTRENDIDX","M","1985-11",99.84627,
"OECD","CLI","AMPLITUD","LTRENDIDX","M","1985-12",99.82899,
"OECD","CLI","AMPLITUD","LTRENDIDX","M","1986-01",99.81618,
"OECD","CLI","AMPLITUD","LTRENDIDX","M","1986-02",99.79467,
"OECD","CLI","AMPLITUD","LTRENDIDX","M","1986-03",99.77076,
"OECD","CLI","AMPLITUD","LTRENDIDX","M","1986-04",99.7512,
"OECD","CLI","AMPLITUD","LTRENDIDX","M","1986-05",99.73251,
"OECD","CLI","AMPLITUD","LTRENDIDX","M","1986-06",99.71916,
"OECD","CLI","AMPLITUD","LTRENDIDX","M","1986-07",99.71277,
"OECD","CLI","AMPLITUD","LTRENDIDX","M","1986-08",99.71928,
"OECD","CLI","AMPLITUD","LTRENDIDX","M","1986-09",99.73814,
"OECD","CLI","AMPLITUD","LTRENDIDX","M","1986-10",99.76766,
"OECD","CLI","AMPLITUD","LTRENDIDX","M","1986-11",99.81879,
"OECD","CLI","AMPLITUD","LTRENDIDX","M","1986-12",99.90406,
"OECD","CLI","AMPLITUD","LTRENDIDX","M","1987-01",100.0384,
"OECD","CLI","AMPLITUD","LTRENDIDX","M","1987-02",100.2142,
"OECD","CLI","AMPLITUD","LTRENDIDX","M","1987-03",100.4131,
"OECD","CLI","AMPLITUD","LTRENDIDX","M","1987-04",100.6166,
"OECD","CLI","AMPLITUD","LTRENDIDX","M","1987-05",100.8067,
"OECD","CLI","AMPLITUD","LTRENDIDX","M","1987-06",100.9631,
"OECD","CLI","AMPLITUD","LTRENDIDX","M","1987-07",101.0595,
"OECD","CLI","AMPLITUD","LTRENDIDX","M","1987-08",101.0771,
"OECD","CLI","AMPLITUD","LTRENDIDX","M","1987-09",101.0144,
"OECD","CLI","AMPLITUD","LTRENDIDX","M","1987-10",100.8989,
"OECD","CLI","AMPLITUD","LTRENDIDX","M","1987-11",100.7711,
"OECD","CLI","AMPLITUD","LTRENDIDX","M","1987-12",100.6702,
"OECD","CLI","AMPLITUD","LTRENDIDX","M","1988-01",100.5547,
"OECD","CLI","AMPLITUD","LTRENDIDX","M","1988-02",100.4927,
"OECD","CLI","AMPLITUD","LTRENDIDX","M","1988-03",100.4801,
"OECD","CLI","AMPLITUD","LTRENDIDX","M","1988-04",100.5138,
"OECD","CLI","AMPLITUD","LTRENDIDX","M","1988-05",100.5833,
"OECD","CLI","AMPLITUD","LTRENDIDX","M","1988-06",100.6671,
"OECD","CLI","AMPLITUD","LTRENDIDX","M","1988-07",100.7413,
"OECD","CLI","AMPLITUD","LTRENDIDX","M","1988-08",100.8012,
"OECD","CLI","AMPLITUD","LTRENDIDX","M","1988-09",100.8414,
"OECD","CLI","AMPLITUD","LTRENDIDX","M","1988-10",100.8683,
"OECD","CLI","AMPLITUD","LTRENDIDX","M","1988-11",100.8854,
"OECD","CLI","AMPLITUD","LTRENDIDX","M","1988-12",100.8897,
"OECD","CLI","AMPLITUD","LTRENDIDX","M","1989-01",100.8781,
"OECD","CLI","AMPLITUD","LTRENDIDX","M","1989-02",100.8458,
"OECD","CLI","AMPLITUD","LTRENDIDX","M","1989-03",100.7951,
"OECD","CLI","AMPLITUD","LTRENDIDX","M","1989-04",100.7275,
"OECD","CLI","AMPLITUD","LTRENDIDX","M","1989-05",100.6516,
"OECD","CLI","AMPLITUD","LTRENDIDX","M","1989-06",100.5843,
"OECD","CLI","AMPLITUD","LTRENDIDX","M","1989-07",100.5347,
"OECD","CLI","AMPLITUD","LTRENDIDX","M","1989-08",100.5017,
"OECD","CLI","AMPLITUD","LTRENDIDX","M","1989-09",100.4828,
"OECD","CLI","AMPLITUD","LTRENDIDX","M","1989-10",100.4758,
"OECD","CLI","AMPLITUD","LTRENDIDX","M","1989-11",100.4876,
"OECD","CLI","AMPLITUD","LTRENDIDX","M","1989-12",100.5151,
"OECD","CLI","AMPLITUD","LTRENDIDX","M","1990-01",100.545,
"OECD","CLI","AMPLITUD","LTRENDIDX","M","1990-02",100.557,
"OECD","CLI","AMPLITUD","LTRENDIDX","M","1990-03",100.547,
"OECD","CLI","AMPLITUD","LTRENDIDX","M","1990-04",100.4967,
"OECD","CLI","AMPLITUD","LTRENDIDX","M","1990-05",100.3972,
"OECD","CLI","AMPLITUD","LTRENDIDX","M","1990-06",100.2309,
"OECD","CLI","AMPLITUD","LTRENDIDX","M","1990-07",99.99669,
"OECD","CLI","AMPLITUD","LTRENDIDX","M","1990-08",99.7072,
"OECD","CLI","AMPLITUD","LTRENDIDX","M","1990-09",99.3996,
"OECD","CLI","AMPLITUD","LTRENDIDX","M","1990-10",99.10883,
"OECD","CLI","AMPLITUD","LTRENDIDX","M","1990-11",98.87301,
"OECD","CLI","AMPLITUD","LTRENDIDX","M","1990-12",98.72625,
"OECD","CLI","AMPLITUD","LTRENDIDX","M","1991-01",98.67532,
"OECD","CLI","AMPLITUD","LTRENDIDX","M","1991-02",98.71753,
"OECD","CLI","AMPLITUD","LTRENDIDX","M","1991-03",98.83165,
"OECD","CLI","AMPLITUD","LTRENDIDX","M","1991-04",98.97594,
"OECD","CLI","AMPLITUD","LTRENDIDX","M","1991-05",99.12098,
"OECD","CLI","AMPLITUD","LTRENDIDX","M","1991-06",99.25224,
"OECD","CLI","AMPLITUD","LTRENDIDX","M","1991-07",99.34872,
"OECD","CLI","AMPLITUD","LTRENDIDX","M","1991-08",99.39098,
"OECD","CLI","AMPLITUD","LTRENDIDX","M","1991-09",99.38663,
"OECD","CLI","AMPLITUD","LTRENDIDX","M","1991-10",99.35087,
"OECD","CLI","AMPLITUD","LTRENDIDX","M","1991-11",99.30365,
"OECD","CLI","AMPLITUD","LTRENDIDX","M","1991-12",99.26987,
"OECD","CLI","AMPLITUD","LTRENDIDX","M","1992-01",99.26538,
"OECD","CLI","AMPLITUD","LTRENDIDX","M","1992-02",99.28204,
"OECD","CLI","AMPLITUD","LTRENDIDX","M","1992-03",99.30562,
"OECD","CLI","AMPLITUD","LTRENDIDX","M","1992-04",99.31536,
"OECD","CLI","AMPLITUD","LTRENDIDX","M","1992-05",99.2865,
"OECD","CLI","AMPLITUD","LTRENDIDX","M","1992-06",99.2098,
"OECD","CLI","AMPLITUD","LTRENDIDX","M","1992-07",99.09566,
"OECD","CLI","AMPLITUD","LTRENDIDX","M","1992-08",98.96754,
"OECD","CLI","AMPLITUD","LTRENDIDX","M","1992-09",98.85755,
"OECD","CLI","AMPLITUD","LTRENDIDX","M","1992-10",98.78219,
"OECD","CLI","AMPLITUD","LTRENDIDX","M","1992-11",98.74718,
"OECD","CLI","AMPLITUD","LTRENDIDX","M","1992-12",98.74372,
"OECD","CLI","AMPLITUD","LTRENDIDX","M","1993-01",98.75174,
"OECD","CLI","AMPLITUD","LTRENDIDX","M","1993-02",98.76114,
"OECD","CLI","AMPLITUD","LTRENDIDX","M","1993-03",98.76576,
"OECD","CLI","AMPLITUD","LTRENDIDX","M","1993-04",98.77282,
"OECD","CLI","AMPLITUD","LTRENDIDX","M","1993-05",98.78833,
"OECD","CLI","AMPLITUD","LTRENDIDX","M","1993-06",98.82407,
"OECD","CLI","AMPLITUD","LTRENDIDX","M","1993-07",98.89783,
"OECD","CLI","AMPLITUD","LTRENDIDX","M","1993-08",99.01334,
"OECD","CLI","AMPLITUD","LTRENDIDX","M","1993-09",99.16408,
"OECD","CLI","AMPLITUD","LTRENDIDX","M","1993-10",99.34385,
"OECD","CLI","AMPLITUD","LTRENDIDX","M","1993-11",99.53899,
"OECD","CLI","AMPLITUD","LTRENDIDX","M","1993-12",99.74162,
"OECD","CLI","AMPLITUD","LTRENDIDX","M","1994-01",99.93678,
"OECD","CLI","AMPLITUD","LTRENDIDX","M","1994-02",100.1043,
"OECD","CLI","AMPLITUD","LTRENDIDX","M","1994-03",100.2476,
"OECD","CLI","AMPLITUD","LTRENDIDX","M","1994-04",100.374,
"OECD","CLI","AMPLITUD","LTRENDIDX","M","1994-05",100.4956,
"OECD","CLI","AMPLITUD","LTRENDIDX","M","1994-06",100.6223,
"OECD","CLI","AMPLITUD","LTRENDIDX","M","1994-07",100.7447,
"OECD","CLI","AMPLITUD","LTRENDIDX","M","1994-08",100.8482,
"OECD","CLI","AMPLITUD","LTRENDIDX","M","1994-09",100.9005,
"OECD","CLI","AMPLITUD","LTRENDIDX","M","1994-10",100.882,
"OECD","CLI","AMPLITUD","LTRENDIDX","M","1994-11",100.7827,
"OECD","CLI","AMPLITUD","LTRENDIDX","M","1994-12",100.6009,
"OECD","CLI","AMPLITUD","LTRENDIDX","M","1995-01",100.3578,
"OECD","CLI","AMPLITUD","LTRENDIDX","M","1995-02",100.1016,
"OECD","CLI","AMPLITUD","LTRENDIDX","M","1995-03",99.86588,
"OECD","CLI","AMPLITUD","LTRENDIDX","M","1995-04",99.68778,
"OECD","CLI","AMPLITUD","LTRENDIDX","M","1995-05",99.58897,
"OECD","CLI","AMPLITUD","LTRENDIDX","M","1995-06",99.56004,
"OECD","CLI","AMPLITUD","LTRENDIDX","M","1995-07",99.57969,
"OECD","CLI","AMPLITUD","LTRENDIDX","M","1995-08",99.6111,
"OECD","CLI","AMPLITUD","LTRENDIDX","M","1995-09",99.62269,
"OECD","CLI","AMPLITUD","LTRENDIDX","M","1995-10",99.61504,
"OECD","CLI","AMPLITUD","LTRENDIDX","M","1995-11",99.59594,
"OECD","CLI","AMPLITUD","LTRENDIDX","M","1995-12",99.57365,
"OECD","CLI","AMPLITUD","LTRENDIDX","M","1996-01",99.55857,
"OECD","CLI","AMPLITUD","LTRENDIDX","M","1996-02",99.56512,
"OECD","CLI","AMPLITUD","LTRENDIDX","M","1996-03",99.59511,
"OECD","CLI","AMPLITUD","LTRENDIDX","M","1996-04",99.64089,
"OECD","CLI","AMPLITUD","LTRENDIDX","M","1996-05",99.69002,
"OECD","CLI","AMPLITUD","LTRENDIDX","M","1996-06",99.73347,
"OECD","CLI","AMPLITUD","LTRENDIDX","M","1996-07",99.77359,
"OECD","CLI","AMPLITUD","LTRENDIDX","M","1996-08",99.81557,
"OECD","CLI","AMPLITUD","LTRENDIDX","M","1996-09",99.86515,
"OECD","CLI","AMPLITUD","LTRENDIDX","M","1996-10",99.91776,
"OECD","CLI","AMPLITUD","LTRENDIDX","M","1996-11",99.96862,
"OECD","CLI","AMPLITUD","LTRENDIDX","M","1996-12",100.0251,
"OECD","CLI","AMPLITUD","LTRENDIDX","M","1997-01",100.0896,
"OECD","CLI","AMPLITUD","LTRENDIDX","M","1997-02",100.1686,
"OECD","CLI","AMPLITUD","LTRENDIDX","M","1997-03",100.2567,
"OECD","CLI","AMPLITUD","LTRENDIDX","M","1997-04",100.3497,
"OECD","CLI","AMPLITUD","LTRENDIDX","M","1997-05",100.4399,
"OECD","CLI","AMPLITUD","LTRENDIDX","M","1997-06",100.5244,
"OECD","CLI","AMPLITUD","LTRENDIDX","M","1997-07",100.5923,
"OECD","CLI","AMPLITUD","LTRENDIDX","M","1997-08",100.6295,
"OECD","CLI","AMPLITUD","LTRENDIDX","M","1997-09",100.6346,
"OECD","CLI","AMPLITUD","LTRENDIDX","M","1997-10",100.5967,
"OECD","CLI","AMPLITUD","LTRENDIDX","M","1997-11",100.5213,
"OECD","CLI","AMPLITUD","LTRENDIDX","M","1997-12",100.4247,
"OECD","CLI","AMPLITUD","LTRENDIDX","M","1998-01",100.3237,
"OECD","CLI","AMPLITUD","LTRENDIDX","M","1998-02",100.224,
"OECD","CLI","AMPLITUD","LTRENDIDX","M","1998-03",100.1192,
"OECD","CLI","AMPLITUD","LTRENDIDX","M","1998-04",100.0019,
"OECD","CLI","AMPLITUD","LTRENDIDX","M","1998-05",99.86973,
"OECD","CLI","AMPLITUD","LTRENDIDX","M","1998-06",99.71889,
"OECD","CLI","AMPLITUD","LTRENDIDX","M","1998-07",99.55681,
"OECD","CLI","AMPLITUD","LTRENDIDX","M","1998-08",99.3968,
"OECD","CLI","AMPLITUD","LTRENDIDX","M","1998-09",99.26931,
"OECD","CLI","AMPLITUD","LTRENDIDX","M","1998-10",99.20959,
"OECD","CLI","AMPLITUD","LTRENDIDX","M","1998-11",99.24018,
"OECD","CLI","AMPLITUD","LTRENDIDX","M","1998-12",99.34877,
"OECD","CLI","AMPLITUD","LTRENDIDX","M","1999-01",99.51415,
"OECD","CLI","AMPLITUD","LTRENDIDX","M","1999-02",99.70307,
"OECD","CLI","AMPLITUD","LTRENDIDX","M","1999-03",99.89179,
"OECD","CLI","AMPLITUD","LTRENDIDX","M","1999-04",100.0749,
"OECD","CLI","AMPLITUD","LTRENDIDX","M","1999-05",100.2533,
"OECD","CLI","AMPLITUD","LTRENDIDX","M","1999-06",100.4228,
"OECD","CLI","AMPLITUD","LTRENDIDX","M","1999-07",100.5815,
"OECD","CLI","AMPLITUD","LTRENDIDX","M","1999-08",100.7293,
"OECD","CLI","AMPLITUD","LTRENDIDX","M","1999-09",100.8712,
"OECD","CLI","AMPLITUD","LTRENDIDX","M","1999-10",101.0128,
"OECD","CLI","AMPLITUD","LTRENDIDX","M","1999-11",101.1493,
"OECD","CLI","AMPLITUD","LTRENDIDX","M","1999-12",101.2668,
"OECD","CLI","AMPLITUD","LTRENDIDX","M","2000-01",101.3531,
"OECD","CLI","AMPLITUD","LTRENDIDX","M","2000-02",101.3953,
"OECD","CLI","AMPLITUD","LTRENDIDX","M","2000-03",101.3997,
"OECD","CLI","AMPLITUD","LTRENDIDX","M","2000-04",101.3675,
"OECD","CLI","AMPLITUD","LTRENDIDX","M","2000-05",101.2999,
"OECD","CLI","AMPLITUD","LTRENDIDX","M","2000-06",101.2047,
"OECD","CLI","AMPLITUD","LTRENDIDX","M","2000-07",101.0888,
"OECD","CLI","AMPLITUD","LTRENDIDX","M","2000-08",100.9474,
"OECD","CLI","AMPLITUD","LTRENDIDX","M","2000-09",100.7699,
"OECD","CLI","AMPLITUD","LTRENDIDX","M","2000-10",100.5473,
"OECD","CLI","AMPLITUD","LTRENDIDX","M","2000-11",100.2839,
"OECD","CLI","AMPLITUD","LTRENDIDX","M","2000-12",99.99167,
"OECD","CLI","AMPLITUD","LTRENDIDX","M","2001-01",99.70067,
"OECD","CLI","AMPLITUD","LTRENDIDX","M","2001-02",99.4435,
"OECD","CLI","AMPLITUD","LTRENDIDX","M","2001-03",99.23759,
"OECD","CLI","AMPLITUD","LTRENDIDX","M","2001-04",99.08323,
"OECD","CLI","AMPLITUD","LTRENDIDX","M","2001-05",98.97102,
"OECD","CLI","AMPLITUD","LTRENDIDX","M","2001-06",98.87286,
"OECD","CLI","AMPLITUD","LTRENDIDX","M","2001-07",98.78225,
"OECD","CLI","AMPLITUD","LTRENDIDX","M","2001-08",98.70321,
"OECD","CLI","AMPLITUD","LTRENDIDX","M","2001-09",98.65285,
"OECD","CLI","AMPLITUD","LTRENDIDX","M","2001-10",98.67322,
"OECD","CLI","AMPLITUD","LTRENDIDX","M","2001-11",98.77988,
"OECD","CLI","AMPLITUD","LTRENDIDX","M","2001-12",98.9575,
"OECD","CLI","AMPLITUD","LTRENDIDX","M","2002-01",99.16902,
"OECD","CLI","AMPLITUD","LTRENDIDX","M","2002-02",99.37827,
"OECD","CLI","AMPLITUD","LTRENDIDX","M","2002-03",99.54089,
"OECD","CLI","AMPLITUD","LTRENDIDX","M","2002-04",99.61692,
"OECD","CLI","AMPLITUD","LTRENDIDX","M","2002-05",99.59708,
"OECD","CLI","AMPLITUD","LTRENDIDX","M","2002-06",99.4954,
"OECD","CLI","AMPLITUD","LTRENDIDX","M","2002-07",99.34675,
"OECD","CLI","AMPLITUD","LTRENDIDX","M","2002-08",99.1871,
"OECD","CLI","AMPLITUD","LTRENDIDX","M","2002-09",99.0373,
"OECD","CLI","AMPLITUD","LTRENDIDX","M","2002-10",98.90948,
"OECD","CLI","AMPLITUD","LTRENDIDX","M","2002-11",98.80547,
"OECD","CLI","AMPLITUD","LTRENDIDX","M","2002-12",98.71001,
"OECD","CLI","AMPLITUD","LTRENDIDX","M","2003-01",98.61722,
"OECD","CLI","AMPLITUD","LTRENDIDX","M","2003-02",98.54255,
"OECD","CLI","AMPLITUD","LTRENDIDX","M","2003-03",98.51768,
"OECD","CLI","AMPLITUD","LTRENDIDX","M","2003-04",98.56827,
"OECD","CLI","AMPLITUD","LTRENDIDX","M","2003-05",98.68839,
"OECD","CLI","AMPLITUD","LTRENDIDX","M","2003-06",98.8676,
"OECD","CLI","AMPLITUD","LTRENDIDX","M","2003-07",99.09212,
"OECD","CLI","AMPLITUD","LTRENDIDX","M","2003-08",99.34432,
"OECD","CLI","AMPLITUD","LTRENDIDX","M","2003-09",99.61047,
"OECD","CLI","AMPLITUD","LTRENDIDX","M","2003-10",99.87029,
"OECD","CLI","AMPLITUD","LTRENDIDX","M","2003-11",100.1006,
"OECD","CLI","AMPLITUD","LTRENDIDX","M","2003-12",100.2868,
"OECD","CLI","AMPLITUD","LTRENDIDX","M","2004-01",100.4243,
"OECD","CLI","AMPLITUD","LTRENDIDX","M","2004-02",100.5112,
"OECD","CLI","AMPLITUD","LTRENDIDX","M","2004-03",100.5555,
"OECD","CLI","AMPLITUD","LTRENDIDX","M","2004-04",100.5655,
"OECD","CLI","AMPLITUD","LTRENDIDX","M","2004-05",100.551,
"OECD","CLI","AMPLITUD","LTRENDIDX","M","2004-06",100.5193,
"OECD","CLI","AMPLITUD","LTRENDIDX","M","2004-07",100.4749,
"OECD","CLI","AMPLITUD","LTRENDIDX","M","2004-08",100.4244,
"OECD","CLI","AMPLITUD","LTRENDIDX","M","2004-09",100.384,
"OECD","CLI","AMPLITUD","LTRENDIDX","M","2004-10",100.356,
"OECD","CLI","AMPLITUD","LTRENDIDX","M","2004-11",100.3362,
"OECD","CLI","AMPLITUD","LTRENDIDX","M","2004-12",100.3099,
"OECD","CLI","AMPLITUD","LTRENDIDX","M","2005-01",100.2634,
"OECD","CLI","AMPLITUD","LTRENDIDX","M","2005-02",100.1928,
"OECD","CLI","AMPLITUD","LTRENDIDX","M","2005-03",100.1125,
"OECD","CLI","AMPLITUD","LTRENDIDX","M","2005-04",100.0442,
"OECD","CLI","AMPLITUD","LTRENDIDX","M","2005-05",100.0104,
"OECD","CLI","AMPLITUD","LTRENDIDX","M","2005-06",100.028,
"OECD","CLI","AMPLITUD","LTRENDIDX","M","2005-07",100.0901,
"OECD","CLI","AMPLITUD","LTRENDIDX","M","2005-08",100.1871,
"OECD","CLI","AMPLITUD","LTRENDIDX","M","2005-09",100.3119,
"OECD","CLI","AMPLITUD","LTRENDIDX","M","2005-10",100.4604,
"OECD","CLI","AMPLITUD","LTRENDIDX","M","2005-11",100.6191,
"OECD","CLI","AMPLITUD","LTRENDIDX","M","2005-12",100.7687,
"OECD","CLI","AMPLITUD","LTRENDIDX","M","2006-01",100.8976,
"OECD","CLI","AMPLITUD","LTRENDIDX","M","2006-02",101,
"OECD","CLI","AMPLITUD","LTRENDIDX","M","2006-03",101.0725,
"OECD","CLI","AMPLITUD","LTRENDIDX","M","2006-04",101.1104,
"OECD","CLI","AMPLITUD","LTRENDIDX","M","2006-05",101.1163,
"OECD","CLI","AMPLITUD","LTRENDIDX","M","2006-06",101.1122,
"OECD","CLI","AMPLITUD","LTRENDIDX","M","2006-07",101.1184,
"OECD","CLI","AMPLITUD","LTRENDIDX","M","2006-08",101.1536,
"OECD","CLI","AMPLITUD","LTRENDIDX","M","2006-09",101.2189,
"OECD","CLI","AMPLITUD","LTRENDIDX","M","2006-10",101.3053,
"OECD","CLI","AMPLITUD","LTRENDIDX","M","2006-11",101.3997,
"OECD","CLI","AMPLITUD","LTRENDIDX","M","2006-12",101.4925,
"OECD","CLI","AMPLITUD","LTRENDIDX","M","2007-01",101.5735,
"OECD","CLI","AMPLITUD","LTRENDIDX","M","2007-02",101.6449,
"OECD","CLI","AMPLITUD","LTRENDIDX","M","2007-03",101.7062,
"OECD","CLI","AMPLITUD","LTRENDIDX","M","2007-04",101.7575,
"OECD","CLI","AMPLITUD","LTRENDIDX","M","2007-05",101.7945,
"OECD","CLI","AMPLITUD","LTRENDIDX","M","2007-06",101.8047,
"OECD","CLI","AMPLITUD","LTRENDIDX","M","2007-07",101.782,
"OECD","CLI","AMPLITUD","LTRENDIDX","M","2007-08",101.7232,
"OECD","CLI","AMPLITUD","LTRENDIDX","M","2007-09",101.6394,
"OECD","CLI","AMPLITUD","LTRENDIDX","M","2007-10",101.5411,
"OECD","CLI","AMPLITUD","LTRENDIDX","M","2007-11",101.4281,
"OECD","CLI","AMPLITUD","LTRENDIDX","M","2007-12",101.3044,
"OECD","CLI","AMPLITUD","LTRENDIDX","M","2008-01",101.1625,
"OECD","CLI","AMPLITUD","LTRENDIDX","M","2008-02",100.9843,
"OECD","CLI","AMPLITUD","LTRENDIDX","M","2008-03",100.7669,
"OECD","CLI","AMPLITUD","LTRENDIDX","M","2008-04",100.5043,
"OECD","CLI","AMPLITUD","LTRENDIDX","M","2008-05",100.1787,
"OECD","CLI","AMPLITUD","LTRENDIDX","M","2008-06",99.77272,
"OECD","CLI","AMPLITUD","LTRENDIDX","M","2008-07",99.27374,
"OECD","CLI","AMPLITUD","LTRENDIDX","M","2008-08",98.67984,
"OECD","CLI","AMPLITUD","LTRENDIDX","M","2008-09",98.00404,
"OECD","CLI","AMPLITUD","LTRENDIDX","M","2008-10",97.29771,
"OECD","CLI","AMPLITUD","LTRENDIDX","M","2008-11",96.65445,
"OECD","CLI","AMPLITUD","LTRENDIDX","M","2008-12",96.15607,
"OECD","CLI","AMPLITUD","LTRENDIDX","M","2009-01",95.85005,
"OECD","CLI","AMPLITUD","LTRENDIDX","M","2009-02",95.76164,
"OECD","CLI","AMPLITUD","LTRENDIDX","M","2009-03",95.89394,
"OECD","CLI","AMPLITUD","LTRENDIDX","M","2009-04",96.22252,
"OECD","CLI","AMPLITUD","LTRENDIDX","M","2009-05",96.68327,
"OECD","CLI","AMPLITUD","LTRENDIDX","M","2009-06",97.21602,
"OECD","CLI","AMPLITUD","LTRENDIDX","M","2009-07",97.76891,
"OECD","CLI","AMPLITUD","LTRENDIDX","M","2009-08",98.30323,
"OECD","CLI","AMPLITUD","LTRENDIDX","M","2009-09",98.79114,
"OECD","CLI","AMPLITUD","LTRENDIDX","M","2009-10",99.21044,
"OECD","CLI","AMPLITUD","LTRENDIDX","M","2009-11",99.56018,
"OECD","CLI","AMPLITUD","LTRENDIDX","M","2009-12",99.85045,
"OECD","CLI","AMPLITUD","LTRENDIDX","M","2010-01",100.0828,
"OECD","CLI","AMPLITUD","LTRENDIDX","M","2010-02",100.2561,
"OECD","CLI","AMPLITUD","LTRENDIDX","M","2010-03",100.3778,
"OECD","CLI","AMPLITUD","LTRENDIDX","M","2010-04",100.4401,
"OECD","CLI","AMPLITUD","LTRENDIDX","M","2010-05",100.4538,
"OECD","CLI","AMPLITUD","LTRENDIDX","M","2010-06",100.4447,
"OECD","CLI","AMPLITUD","LTRENDIDX","M","2010-07",100.4444,
"OECD","CLI","AMPLITUD","LTRENDIDX","M","2010-08",100.4756,
"OECD","CLI","AMPLITUD","LTRENDIDX","M","2010-09",100.5409,
"OECD","CLI","AMPLITUD","LTRENDIDX","M","2010-10",100.6304,
"OECD","CLI","AMPLITUD","LTRENDIDX","M","2010-11",100.7348,
"OECD","CLI","AMPLITUD","LTRENDIDX","M","2010-12",100.8333,
"OECD","CLI","AMPLITUD","LTRENDIDX","M","2011-01",100.9009,
"OECD","CLI","AMPLITUD","LTRENDIDX","M","2011-02",100.9097,
"OECD","CLI","AMPLITUD","LTRENDIDX","M","2011-03",100.8449,
"OECD","CLI","AMPLITUD","LTRENDIDX","M","2011-04",100.7107,
"OECD","CLI","AMPLITUD","LTRENDIDX","M","2011-05",100.5166,
"OECD","CLI","AMPLITUD","LTRENDIDX","M","2011-06",100.2835,
"OECD","CLI","AMPLITUD","LTRENDIDX","M","2011-07",100.0381,
"OECD","CLI","AMPLITUD","LTRENDIDX","M","2011-08",99.8098,
"OECD","CLI","AMPLITUD","LTRENDIDX","M","2011-09",99.6394,
"OECD","CLI","AMPLITUD","LTRENDIDX","M","2011-10",99.55112,
"OECD","CLI","AMPLITUD","LTRENDIDX","M","2011-11",99.53796,
"OECD","CLI","AMPLITUD","LTRENDIDX","M","2011-12",99.5743,
"OECD","CLI","AMPLITUD","LTRENDIDX","M","2012-01",99.6249,
"OECD","CLI","AMPLITUD","LTRENDIDX","M","2012-02",99.65617,
"OECD","CLI","AMPLITUD","LTRENDIDX","M","2012-03",99.64952,
"OECD","CLI","AMPLITUD","LTRENDIDX","M","2012-04",99.59969,
"OECD","CLI","AMPLITUD","LTRENDIDX","M","2012-05",99.51596,
"OECD","CLI","AMPLITUD","LTRENDIDX","M","2012-06",99.41553,
"OECD","CLI","AMPLITUD","LTRENDIDX","M","2012-07",99.32188,
"OECD","CLI","AMPLITUD","LTRENDIDX","M","2012-08",99.25449,
"OECD","CLI","AMPLITUD","LTRENDIDX","M","2012-09",99.22482,
"OECD","CLI","AMPLITUD","LTRENDIDX","M","2012-10",99.23231,
"OECD","CLI","AMPLITUD","LTRENDIDX","M","2012-11",99.27791,
"OECD","CLI","AMPLITUD","LTRENDIDX","M","2012-12",99.3568,
"OECD","CLI","AMPLITUD","LTRENDIDX","M","2013-01",99.4568,
"OECD","CLI","AMPLITUD","LTRENDIDX","M","2013-02",99.56692,
"OECD","CLI","AMPLITUD","LTRENDIDX","M","2013-03",99.67215,
"OECD","CLI","AMPLITUD","LTRENDIDX","M","2013-04",99.77003,
"OECD","CLI","AMPLITUD","LTRENDIDX","M","2013-05",99.87154,
"OECD","CLI","AMPLITUD","LTRENDIDX","M","2013-06",99.97388,
"OECD","CLI","AMPLITUD","LTRENDIDX","M","2013-07",100.0745,
"OECD","CLI","AMPLITUD","LTRENDIDX","M","2013-08",100.1722,
"OECD","CLI","AMPLITUD","LTRENDIDX","M","2013-09",100.2606,
"OECD","CLI","AMPLITUD","LTRENDIDX","M","2013-10",100.3351,
"OECD","CLI","AMPLITUD","LTRENDIDX","M","2013-11",100.3921,
"OECD","CLI","AMPLITUD","LTRENDIDX","M","2013-12",100.4247,
"OECD","CLI","AMPLITUD","LTRENDIDX","M","2014-01",100.4382,
"OECD","CLI","AMPLITUD","LTRENDIDX","M","2014-02",100.4447,
"OECD","CLI","AMPLITUD","LTRENDIDX","M","2014-03",100.4483,
"OECD","CLI","AMPLITUD","LTRENDIDX","M","2014-04",100.4408,
"OECD","CLI","AMPLITUD","LTRENDIDX","M","2014-05",100.423,
"OECD","CLI","AMPLITUD","LTRENDIDX","M","2014-06",100.4022,
"OECD","CLI","AMPLITUD","LTRENDIDX","M","2014-07",100.3835,
"OECD","CLI","AMPLITUD","LTRENDIDX","M","2014-08",100.3685,
"OECD","CLI","AMPLITUD","LTRENDIDX","M","2014-09",100.3629,
"OECD","CLI","AMPLITUD","LTRENDIDX","M","2014-10",100.3606,
"OECD","CLI","AMPLITUD","LTRENDIDX","M","2014-11",100.3584,
"OECD","CLI","AMPLITUD","LTRENDIDX","M","2014-12",100.3557,
"OECD","CLI","AMPLITUD","LTRENDIDX","M","2015-01",100.3535,
"OECD","CLI","AMPLITUD","LTRENDIDX","M","2015-02",100.3444,
"OECD","CLI","AMPLITUD","LTRENDIDX","M","2015-03",100.3236,
"OECD","CLI","AMPLITUD","LTRENDIDX","M","2015-04",100.2889,
"OECD","CLI","AMPLITUD","LTRENDIDX","M","2015-05",100.2397,
"OECD","CLI","AMPLITUD","LTRENDIDX","M","2015-06",100.1792,
"OECD","CLI","AMPLITUD","LTRENDIDX","M","2015-07",100.1045,
"OECD","CLI","AMPLITUD","LTRENDIDX","M","2015-08",100.0244,
"OECD","CLI","AMPLITUD","LTRENDIDX","M","2015-09",99.95467,
"OECD","CLI","AMPLITUD","LTRENDIDX","M","2015-10",99.89816,
"OECD","CLI","AMPLITUD","LTRENDIDX","M","2015-11",99.84264,
"OECD","CLI","AMPLITUD","LTRENDIDX","M","2015-12",99.78368,
"OECD","CLI","AMPLITUD","LTRENDIDX","M","2016-01",99.72363,
"OECD","CLI","AMPLITUD","LTRENDIDX","M","2016-02",99.66755,
"OECD","CLI","AMPLITUD","LTRENDIDX","M","2016-03",99.63075,
"OECD","CLI","AMPLITUD","LTRENDIDX","M","2016-04",99.61513,
"OECD","CLI","AMPLITUD","LTRENDIDX","M","2016-05",99.61549,
"OECD","CLI","AMPLITUD","LTRENDIDX","M","2016-06",99.63174,
"OECD","CLI","AMPLITUD","LTRENDIDX","M","2016-07",99.66505,
"OECD","CLI","AMPLITUD","LTRENDIDX","M","2016-08",99.72077,
"OECD","CLI","AMPLITUD","LTRENDIDX","M","2016-09",99.80306,
"OECD","CLI","AMPLITUD","LTRENDIDX","M","2016-10",99.90597,
"OECD","CLI","AMPLITUD","LTRENDIDX","M","2016-11",100.0216,
"OECD","CLI","AMPLITUD","LTRENDIDX","M","2016-12",100.1339,
"OECD","CLI","AMPLITUD","LTRENDIDX","M","2017-01",100.2274,
"OECD","CLI","AMPLITUD","LTRENDIDX","M","2017-02",100.3012,
"OECD","CLI","AMPLITUD","LTRENDIDX","M","2017-03",100.3607,
"OECD","CLI","AMPLITUD","LTRENDIDX","M","2017-04",100.413,
"OECD","CLI","AMPLITUD","LTRENDIDX","M","2017-05",100.4673,
"OECD","CLI","AMPLITUD","LTRENDIDX","M","2017-06",100.5271,
"OECD","CLI","AMPLITUD","LTRENDIDX","M","2017-07",100.5919,
"OECD","CLI","AMPLITUD","LTRENDIDX","M","2017-08",100.6619,
"OECD","CLI","AMPLITUD","LTRENDIDX","M","2017-09",100.7282,
"OECD","CLI","AMPLITUD","LTRENDIDX","M","2017-10",100.7848,
"OECD","CLI","AMPLITUD","LTRENDIDX","M","2017-11",100.8247,
"OECD","CLI","AMPLITUD","LTRENDIDX","M","2017-12",100.8445,
"OECD","CLI","AMPLITUD","LTRENDIDX","M","2018-01",100.8483,
"OECD","CLI","AMPLITUD","LTRENDIDX","M","2018-02",100.8369,
"OECD","CLI","AMPLITUD","LTRENDIDX","M","2018-03",100.7983,
"OECD","CLI","AMPLITUD","LTRENDIDX","M","2018-04",100.734,
"OECD","CLI","AMPLITUD","LTRENDIDX","M","2018-05",100.6556,
"OECD","CLI","AMPLITUD","LTRENDIDX","M","2018-06",100.5649,
"OECD","CLI","AMPLITUD","LTRENDIDX","M","2018-07",100.4624,
"OECD","CLI","AMPLITUD","LTRENDIDX","M","2018-08",100.3469,
"OECD","CLI","AMPLITUD","LTRENDIDX","M","2018-09",100.2193,
"OECD","CLI","AMPLITUD","LTRENDIDX","M","2018-10",100.0855,
"OECD","CLI","AMPLITUD","LTRENDIDX","M","2018-11",99.95694,
"OECD","CLI","AMPLITUD","LTRENDIDX","M","2018-12",99.83569,
"OECD","CLI","AMPLITUD","LTRENDIDX","M","2019-01",99.73124,
"OECD","CLI","AMPLITUD","LTRENDIDX","M","2019-02",99.64751,
"OECD","CLI","AMPLITUD","LTRENDIDX","M","2019-03",99.5836,
"OECD","CLI","AMPLITUD","LTRENDIDX","M","2019-04",99.52875,
"OECD","CLI","AMPLITUD","LTRENDIDX","M","2019-05",99.47379,
"OECD","CLI","AMPLITUD","LTRENDIDX","M","2019-06",99.42352,
"OECD","CLI","AMPLITUD","LTRENDIDX","M","2019-07",99.3868,
"OECD","CLI","AMPLITUD","LTRENDIDX","M","2019-08",99.3712,
"OECD","CLI","AMPLITUD","LTRENDIDX","M","2019-09",99.38728,
"OECD","CLI","AMPLITUD","LTRENDIDX","M","2019-10",99.43127,
"OECD","CLI","AMPLITUD","LTRENDIDX","M","2019-11",99.48532,
"OECD","CLI","AMPLITUD","LTRENDIDX","M","2019-12",99.52689,
"OECD","CLI","AMPLITUD","LTRENDIDX","M","2020-01",99.53091,
"OECD","CLI","AMPLITUD","LTRENDIDX","M","2020-02",99.48335,
"OECD","CLI","AMPLITUD","LTRENDIDX","M","2020-03",97.96035,
"OECD","CLI","AMPLITUD","LTRENDIDX","M","2020-04",94.23611,
"OECD","CLI","AMPLITUD","LTRENDIDX","M","2020-05",95.65472,
